{"accuracy": [0.782923698425293, 0.8380336165428162, 0.8532988429069519, 0.873738706111908, 0.8879689574241638, 0.8934023380279541, 0.9029754400253296, 0.90763258934021, 0.9133247137069702, 0.9182406067848206, 0.9234152436256409, 0.9306597709655762], "loss": [0.5222647786140442, 0.4123782813549042, 0.368191123008728, 0.3137856125831604, 0.27854466438293457, 0.2642173171043396, 0.24671316146850586, 0.22775211930274963, 0.2124081403017044, 0.19829705357551575, 0.1941879689693451, 0.17925027012825012], "val_accuracy": [0.503496527671814, 0.503496527671814, 0.559440553188324, 0.8648018836975098, 0.8787878751754761, 0.9044288992881775, 0.8554778695106506, 0.9044288992881775, 0.8857808709144592, 0.8997669219970703, 0.9044288992881775, 0.8158507943153381], "val_loss": [1.6817017793655396, 3.1949596405029297, 1.1971244812011719, 0.3134063482284546, 0.300071656703949, 0.25804218649864197, 0.3253357708454132, 0.24178850650787354, 0.24474157392978668, 0.23221127688884735, 0.23761025071144104, 0.38991475105285645], "learning_rate": [0.0010000000474974513, 0.0010000000474974513, 0.0010000000474974513, 0.0010000000474974513, 0.0010000000474974513, 0.0010000000474974513, 0.0010000000474974513, 0.0010000000474974513, 0.0010000000474974513, 0.0010000000474974513, 0.0010000000474974513, 0.0010000000474974513]}